{
  "IF": {
    "fit_s": 0.723661135000043,
    "batch_events": 22597,
    "batch_s": 0.404776194999954,
    "events_per_s": 55825.911402726066,
    "single_latency_ms_mean": 26.57935760000214,
    "single_latency_ms_sd": 1.6551460114614456,
    "single_latency_ms_p95": 29.420368099988533,
    "model_size_mb": 4.647524
  },
  "RF": {
    "fit_s": 3.8813378889999512,
    "batch_events": 22597,
    "batch_s": 0.22699664899994332,
    "events_per_s": 99547.72504155179,
    "single_latency_ms_mean": 25.597648789992036,
    "single_latency_ms_sd": 2.410244668821898,
    "single_latency_ms_p95": 27.63278695005623,
    "model_size_mb": 2.308868
  },
  "hardware": {
    "platform": "Linux-6.18.5-x86_64-with-glibc2.39",
    "machine": "x86_64",
    "cpu_count": 1,
    "python": "3.12.3"
  }
}