{
  "zero_excl_IF_f1": 0.7686245400537516,
  "zero_excl_IF_ap": 0.81456656502542,
  "peak_rss_mb": 328.0703125,
  "ablB_importance": {
    "cat_NYPD": 0.4223,
    "cat_HPD": 0.2315,
    "hour": 0.1112,
    "weekday": 0.0723,
    "cat_DOB": 0.0628,
    "cat_DSNY": 0.0566,
    "cat_DEP": 0.0191,
    "cat_DOT": 0.0122,
    "cat_DHS": 0.0078,
    "cat_DPR": 0.0041
  },
  "paired_ttest_IFA_vs_IFB": {
    "f1_delta": 0.0643999999999999,
    "f1_t": 37.57304534852728,
    "f1_p": 3.324239143561894e-11,
    "ap_delta": 0.08799999999999986,
    "ap_t": 40.83342284272318,
    "ap_p": 1.5782080862875503e-11,
    "per_seed_f1_A": [
      0.755,
      0.745,
      0.751,
      0.741,
      0.752,
      0.752,
      0.759,
      0.754,
      0.755,
      0.751
    ],
    "per_seed_f1_B": [
      0.687,
      0.689,
      0.685,
      0.687,
      0.684,
      0.689,
      0.693,
      0.685,
      0.685,
      0.687
    ]
  }
}