,precision,recall,f1,ap
IF,0.526111458985598,0.7345689805910124,0.6131056625802686,0.5884677604625881
OCSVM,0.38126666666666664,1.0,0.5520536705439452,0.4706991199142257
RF,1.0,0.9594334673894037,0.9792968052828842,1.0
